{
    "name": "root",
    "gauges": {
        "BrickBreakerAgent.Policy.Entropy.mean": {
            "value": 1.2353184223175049,
            "min": 1.2353184223175049,
            "max": 1.4169670343399048,
            "count": 20
        },
        "BrickBreakerAgent.Policy.Entropy.sum": {
            "value": 61681.91796875,
            "min": 61681.91796875,
            "max": 71619.1796875,
            "count": 20
        },
        "BrickBreakerAgent.Environment.EpisodeLength.mean": {
            "value": 869.7368421052631,
            "min": 29.1478102189781,
            "max": 908.0,
            "count": 20
        },
        "BrickBreakerAgent.Environment.EpisodeLength.sum": {
            "value": 49575.0,
            "min": 46905.0,
            "max": 53858.0,
            "count": 20
        },
        "BrickBreakerAgent.Step.mean": {
            "value": 999950.0,
            "min": 49969.0,
            "max": 999950.0,
            "count": 20
        },
        "BrickBreakerAgent.Step.sum": {
            "value": 999950.0,
            "min": 49969.0,
            "max": 999950.0,
            "count": 20
        },
        "BrickBreakerAgent.Policy.ExtrinsicValueEstimate.mean": {
            "value": 1.285526990890503,
            "min": -10.968826293945312,
            "max": 1.4905837774276733,
            "count": 20
        },
        "BrickBreakerAgent.Policy.ExtrinsicValueEstimate.sum": {
            "value": 1039.9913330078125,
            "min": -19765.82421875,
            "max": 1210.35400390625,
            "count": 20
        },
        "BrickBreakerAgent.Environment.CumulativeReward.mean": {
            "value": 65.89473684210526,
            "min": -24.505173463177115,
            "max": 69.91071428571429,
            "count": 20
        },
        "BrickBreakerAgent.Environment.CumulativeReward.sum": {
            "value": 3756.0,
            "min": -40262.0,
            "max": 4106.0,
            "count": 20
        },
        "BrickBreakerAgent.Policy.ExtrinsicReward.mean": {
            "value": 65.89473684210526,
            "min": -24.505173463177115,
            "max": 69.91071428571429,
            "count": 20
        },
        "BrickBreakerAgent.Policy.ExtrinsicReward.sum": {
            "value": 3756.0,
            "min": -40262.0,
            "max": 4106.0,
            "count": 20
        },
        "BrickBreakerAgent.Losses.PolicyLoss.mean": {
            "value": 0.03163142600614164,
            "min": 0.029550718227162574,
            "max": 0.03458484424401023,
            "count": 20
        },
        "BrickBreakerAgent.Losses.PolicyLoss.sum": {
            "value": 0.37957711207369965,
            "min": 0.36098306457279244,
            "max": 0.4150181309281228,
            "count": 20
        },
        "BrickBreakerAgent.Losses.ValueLoss.mean": {
            "value": 6.2030380434460115,
            "min": 6.2030380434460115,
            "max": 47.160860074890984,
            "count": 20
        },
        "BrickBreakerAgent.Losses.ValueLoss.sum": {
            "value": 74.43645652135214,
            "min": 74.43645652135214,
            "max": 565.9303208986918,
            "count": 20
        },
        "BrickBreakerAgent.Policy.LearningRate.mean": {
            "value": 7.653722448791667e-06,
            "min": 7.653722448791667e-06,
            "max": 0.0002919466776844416,
            "count": 20
        },
        "BrickBreakerAgent.Policy.LearningRate.sum": {
            "value": 9.18446693855e-05,
            "min": 9.18446693855e-05,
            "max": 0.0035033601322132994,
            "count": 20
        },
        "BrickBreakerAgent.Policy.Epsilon.mean": {
            "value": 0.10255120833333335,
            "min": 0.10255120833333335,
            "max": 0.19731555833333336,
            "count": 20
        },
        "BrickBreakerAgent.Policy.Epsilon.sum": {
            "value": 1.2306145000000002,
            "min": 1.2306145000000002,
            "max": 2.3677867000000004,
            "count": 20
        },
        "BrickBreakerAgent.Policy.Beta.mean": {
            "value": 0.0001373052958333334,
            "min": 0.0001373052958333334,
            "max": 0.004866046360833333,
            "count": 20
        },
        "BrickBreakerAgent.Policy.Beta.sum": {
            "value": 0.0016476635500000006,
            "min": 0.0016476635500000006,
            "max": 0.05839255632999999,
            "count": 20
        },
        "BrickBreakerAgent.IsTraining.mean": {
            "value": 1.0,
            "min": 1.0,
            "max": 1.0,
            "count": 20
        },
        "BrickBreakerAgent.IsTraining.sum": {
            "value": 1.0,
            "min": 1.0,
            "max": 1.0,
            "count": 20
        }
    },
    "metadata": {
        "timer_format_version": "0.1.0",
        "start_time_seconds": "1747580413",
        "python_version": "3.10.12 | packaged by Anaconda, Inc. | (main, Jul  5 2023, 19:01:18) [MSC v.1916 64 bit (AMD64)]",
        "command_line_arguments": "C:\\Users\\petri\\anaconda3\\envs\\mlagents\\Scripts\\mlagents-learn config.yaml --run-id=Brain-without-streak",
        "mlagents_version": "1.1.0",
        "mlagents_envs_version": "1.1.0",
        "communication_protocol_version": "1.5.0",
        "pytorch_version": "2.2.2+cu121",
        "numpy_version": "1.23.5",
        "end_time_seconds": "1747581412"
    },
    "total": 998.154159800004,
    "count": 1,
    "self": 0.014468999987002462,
    "children": {
        "run_training.setup": {
            "total": 0.14224810001906008,
            "count": 1,
            "self": 0.14224810001906008
        },
        "TrainerController.start_learning": {
            "total": 997.9974426999979,
            "count": 1,
            "self": 0.7422570998605806,
            "children": {
                "TrainerController._reset_env": {
                    "total": 11.95583659998374,
                    "count": 1,
                    "self": 11.95583659998374
                },
                "TrainerController.advance": {
                    "total": 985.2276286001434,
                    "count": 31576,
                    "self": 0.646760300733149,
                    "children": {
                        "env_step": {
                            "total": 653.8798262987693,
                            "count": 31576,
                            "self": 576.9197165008518,
                            "children": {
                                "SubprocessEnvManager._take_step": {
                                    "total": 76.52862529613776,
                                    "count": 31576,
                                    "self": 2.888397995469859,
                                    "children": {
                                        "TorchPolicy.evaluate": {
                                            "total": 73.6402273006679,
                                            "count": 27812,
                                            "self": 73.6402273006679
                                        }
                                    }
                                },
                                "workers": {
                                    "total": 0.43148450177977793,
                                    "count": 31576,
                                    "self": 0.0,
                                    "children": {
                                        "worker_root": {
                                            "total": 987.0532966012543,
                                            "count": 31576,
                                            "is_parallel": true,
                                            "self": 477.5038603992725,
                                            "children": {
                                                "steps_from_proto": {
                                                    "total": 0.004260799993062392,