{
    "name": "root",
    "metadata": {
        "timer_format_version": "0.1.0",
        "start_time_seconds": "1745774039",
        "python_version": "3.10.12 | packaged by Anaconda, Inc. | (main, Jul  5 2023, 19:01:18) [MSC v.1916 64 bit (AMD64)]",
        "command_line_arguments": "C:\\Users\\petri\\anaconda3\\envs\\mlagents\\Scripts\\mlagents-learn --run-id=Test1",
        "mlagents_version": "1.1.0",
        "mlagents_envs_version": "1.1.0",
        "communication_protocol_version": "1.5.0",
        "pytorch_version": "2.2.2+cu121",
        "numpy_version": "1.23.5",
        "end_time_seconds": "1745774161"
    },
    "total": 122.44554509990849,
    "count": 1,
    "self": 0.011930299689993262,
    "children": {
        "run_training.setup": {
            "total": 0.056143500143662095,
            "count": 1,
            "self": 0.056143500143662095
        },
        "TrainerController.start_learning": {
            "total": 122.37747130007483,
            "count": 1,
            "self": 0.03210690035484731,
            "children": {
                "TrainerController._reset_env": {
                    "total": 28.32724200002849,
                    "count": 1,
                    "self": 28.32724200002849
                },
                "TrainerController.advance": {
                    "total": 93.57737659965642,
                    "count": 1138,
                    "self": 0.030484704533591866,
                    "children": {
                        "env_step": {
                            "total": 91.9503773956094,
                            "count": 1138,
                            "self": 88.23445630120113,
                            "children": {
                                "SubprocessEnvManager._take_step": {
                                    "total": 3.697827396215871,
                                    "count": 1138,
                                    "self": 0.10894129704684019,
                                    "children": {
                                        "TorchPolicy.evaluate": {
                                            "total": 3.588886099169031,
                                            "count": 964,
                                            "self": 3.588886099169031
                                        }
                                    }
                                },
                                "workers": {
                                    "total": 0.01809369819238782,
                                    "count": 1137,
                                    "self": 0.0,
                                    "children": {
                                        "worker_root": {
                                            "total": 32.170222003012896,
                                            "count": 1137,
                                            "is_parallel": true,
                                            "self": 10.350032000103965,
                                            "children": {
                                                "steps_from_proto": {
                                                    "total": 0.004446099977940321,
                                                    "count": 1,
                                                    "is_parallel": true,
                                                    "self": 0.00023670028895139694,
                                                    "children": {
                                                        "_process_rank_one_or_two_observation": {
                                                            "total": 0.004209399688988924,
                                                            "count": 2,
                                                            "is_parallel": true,
                                                            "self": 0.004209399688988924
                                                        }
                                                    }
                                                },
                                                "UnityEnvironment.step": {
                                                    "total": 21.81574390293099,
                                                    "count": 1137,
                                                    "is_parallel": true,
                                                    "self": 0.19673570524901152,
                                                    "children": {
                                                        "UnityEnvironment._generate_step_input": {
                                                            "total": 0.2059883982874453,
                                                            "count": 1137,
                                                            "is_parallel": true,
                                                            "self": 0.2059883982874453
                                                        },
                                                        "communicator.exchange": {
                                                            "total": 20.967312200926244,
                                                            "count": 1137,
                                                            "is_parallel": true,
                                                            "self": 20.967312200926244
                                                        },
                                                        "steps_from_proto": {
                                                            "total": 0.4457075984682888,
                                                            "count": 1137,
                                                            "is_parallel": true,
                                                            "self": 0.12545229052193463,
                                                            "children": {
                                                                "_process_rank_one_or_two_observation": {
                                                                    "total": 0.32025530794635415,
                                                                    "count": 2274,
                                                                    "is_parallel": true,
                                                                    "self": 0.32025530794635415
                                                                }
                                                            }
                                                        }
                                                    }
                                                }
                                            }
                                        }
                                    }
                                }
                            }
                        },
                        "trainer_advance": {
                            "total": 1.5965144995134324,
                            "count": 1137,
                            "self": 0.0405691999476403,
                            "children": {
                                "process_trajectory": {
                                    "total": 1.555945299565792,
                                    "count": 1137,
                                    "self": 1.555945299565792
                                }
                            }
                        }
                    }
                },
                "TrainerController._save_models": {
                    "total": 0.44074580003507435,
                    "count": 1,
                    "self": 0.03260709997266531,
                    "children": {
                        "RLTrainer._checkpoint": {
                            "total": 0.40813870006240904,
                            "count": 1,