{"count":1,"self":36.789593599999996,"total":37.2619751,"children":{"InitializeActuators":{"count":1,"self":0.0025031999999999997,"total":0.0025031999999999997,"children":null},"InitializeSensors":{"count":1,"self":0.0020109999999999998,"total":0.0020109999999999998,"children":null},"AgentSendState":{"count":1533,"self":0.0255255,"total":0.10346319999999999,"children":{"CollectObservations":{"count":307,"self":0.052826899999999996,"total":0.052826899999999996,"children":null},"WriteActionMask":{"count":307,"self":0.0053177,"total":0.0053177,"children":null},"RequestDecision":{"count":307,"self":0.019793099999999998,"total":0.019793099999999998,"children":null}}},"DecideAction":{"count":1533,"self":0.3304284,"total":0.3304284,"children":null},"AgentAct":{"count":1533,"self":0.031913199999999996,"total":0.031913199999999996,"children":null}},"gauges":{},"metadata":{"timer_format_version":"0.1.0","start_time_seconds":"1747674564","unity_version":"6000.0.22f1","command_line_arguments":"C:\\Program Files\\Unity\\Hub\\Editor\\6000.0.22f1\\Editor\\Unity.exe -projectpath D:\\Facultate-master\\Sem2\\ALJV\\BrickBreaker -useHub -hubIPC -cloudEnvironment production","communication_protocol_version":"1.5.0","com.unity.ml-agents_version":"3.0.0","scene_name":"Rezultat","end_time_seconds":"1747674601"}}