{"count":1,"self":564.6076416,"total":4307.626083,"children":{"InitializeActuators":{"count":36,"self":0.00099969999999999985,"total":0.00099969999999999985,"children":null},"InitializeSensors":{"count":36,"self":0.0015591,"total":0.0015591,"children":null},"AgentSendState":{"count":563867,"self":42.925660799999996,"total":555.40962289999993,"children":{"CollectObservations":{"count":4059864,"self":344.0712448,"total":344.0712408,"children":null},"WriteActionMask":{"count":4059864,"self":10.5031568,"total":10.503157,"children":null},"RequestDecision":{"count":4059864,"self":40.8537728,"total":157.9095658,"children":{"AgentInfo.ToProto":{"count":4059864,"self":28.561062399999997,"total":117.05579279999999,"children":{"GenerateSensorData":{"count":4059864,"self":88.49472639999999,"total":88.494729499999991,"children":null}}}}}}},"DecideAction":{"count":563867,"self":3105.7614848,"total":3105.7614350999997,"children":null},"AgentAct":{"count":563867,"self":81.387872,"total":81.387875,"children":null},"AgentInfo.ToProto":{"count":9563,"self":0.1298866,"total":0.45696689999999995,"children":{"GenerateSensorData":{"count":9563,"self":0.3270803,"total":0.3270803,"children":null}}}},"gauges":{"BrickBreakerAgent.CumulativeReward":{"count":9563,"max":220,"min":-31,"runningAverage":46.5198135,"value":126,"weightedAverage":116.097336}},"metadata":{"timer_format_version":"0.1.0","start_time_seconds":"1747591776","unity_version":"6000.0.22f1","command_line_arguments":"C:\\Program Files\\Unity\\Hub\\Editor\\6000.0.22f1\\Editor\\Unity.exe -projectpath D:\\Facultate-master\\Sem2\\ALJV\\BrickBreaker -useHub -hubIPC -cloudEnvironment production","communication_protocol_version":"1.5.0","com.unity.ml-agents_version":"3.0.0","scene_name":"SampleScene","end_time_seconds":"1747596084"}}